--------------------------------------------------------
--  File created - Friday-September-06-2019   
--------------------------------------------------------
--------------------------------------------------------
--  DDL for Table ADMINLOGIN
--------------------------------------------------------

  CREATE TABLE "ADMINLOGIN" 
   (	"ADMINUSERNAME" VARCHAR2(20 BYTE), 
	"ADMINPASSWORD" VARCHAR2(20 BYTE)
   ) SEGMENT CREATION IMMEDIATE 
  PCTFREE 10 PCTUSED 40 INITRANS 1 MAXTRANS 255 NOCOMPRESS LOGGING
  STORAGE(INITIAL 65536 NEXT 1048576 MINEXTENTS 1 MAXEXTENTS 2147483645
  PCTINCREASE 0 FREELISTS 1 FREELIST GROUPS 1 BUFFER_POOL DEFAULT FLASH_CACHE DEFAULT CELL_FLASH_CACHE DEFAULT)
  TABLESPACE "SYSTEM" ;
--------------------------------------------------------
--  DDL for Table CORPORATEACTIONBONUS
--------------------------------------------------------

  CREATE TABLE "CORPORATEACTIONBONUS" 
   (	"TICKERSYMBOL" VARCHAR2(20 BYTE), 
	"RATIONUMERATOR" NUMBER, 
	"RATIODENOMENATOR" NUMBER
   ) SEGMENT CREATION IMMEDIATE 
  PCTFREE 10 PCTUSED 40 INITRANS 1 MAXTRANS 255 NOCOMPRESS LOGGING
  STORAGE(INITIAL 65536 NEXT 1048576 MINEXTENTS 1 MAXEXTENTS 2147483645
  PCTINCREASE 0 FREELISTS 1 FREELIST GROUPS 1 BUFFER_POOL DEFAULT FLASH_CACHE DEFAULT CELL_FLASH_CACHE DEFAULT)
  TABLESPACE "SYSTEM" ;
--------------------------------------------------------
--  DDL for Table CORPORATEACTIONDIVIDEND
--------------------------------------------------------

  CREATE TABLE "CORPORATEACTIONDIVIDEND" 
   (	"TICKERSYMBOL" VARCHAR2(20 BYTE), 
	"DIVIDENDPERCENTAGE" FLOAT(126)
   ) SEGMENT CREATION IMMEDIATE 
  PCTFREE 10 PCTUSED 40 INITRANS 1 MAXTRANS 255 NOCOMPRESS LOGGING
  STORAGE(INITIAL 65536 NEXT 1048576 MINEXTENTS 1 MAXEXTENTS 2147483645
  PCTINCREASE 0 FREELISTS 1 FREELIST GROUPS 1 BUFFER_POOL DEFAULT FLASH_CACHE DEFAULT CELL_FLASH_CACHE DEFAULT)
  TABLESPACE "SYSTEM" ;
--------------------------------------------------------
--  DDL for Table CORPORATEACTIONSPLITS
--------------------------------------------------------

  CREATE TABLE "CORPORATEACTIONSPLITS" 
   (	"TICKERSYMBOL" VARCHAR2(20 BYTE), 
	"SPLITNUMERATOR" NUMBER, 
	"SPLITDENOMINATOR" NUMBER
   ) SEGMENT CREATION IMMEDIATE 
  PCTFREE 10 PCTUSED 40 INITRANS 1 MAXTRANS 255 NOCOMPRESS LOGGING
  STORAGE(INITIAL 65536 NEXT 1048576 MINEXTENTS 1 MAXEXTENTS 2147483645
  PCTINCREASE 0 FREELISTS 1 FREELIST GROUPS 1 BUFFER_POOL DEFAULT FLASH_CACHE DEFAULT CELL_FLASH_CACHE DEFAULT)
  TABLESPACE "SYSTEM" ;
--------------------------------------------------------
--  DDL for Table EQUITYBORROWINGRATE
--------------------------------------------------------

  CREATE TABLE "EQUITYBORROWINGRATE" 
   (	"TICKERSYMBOL" VARCHAR2(20 BYTE), 
	"BORROWINGRATE" FLOAT(126)
   ) SEGMENT CREATION IMMEDIATE 
  PCTFREE 10 PCTUSED 40 INITRANS 1 MAXTRANS 255 NOCOMPRESS LOGGING
  STORAGE(INITIAL 65536 NEXT 1048576 MINEXTENTS 1 MAXEXTENTS 2147483645
  PCTINCREASE 0 FREELISTS 1 FREELIST GROUPS 1 BUFFER_POOL DEFAULT FLASH_CACHE DEFAULT CELL_FLASH_CACHE DEFAULT)
  TABLESPACE "SYSTEM" ;
--------------------------------------------------------
--  DDL for Table EQUITYDETAILS
--------------------------------------------------------

  CREATE TABLE "EQUITYDETAILS" 
   (	"TICKERSYMBOL" VARCHAR2(20 BYTE), 
	"COMPANYNAME" VARCHAR2(40 BYTE), 
	"FACEVALUE" VARCHAR2(20 BYTE)
   ) SEGMENT CREATION IMMEDIATE 
  PCTFREE 10 PCTUSED 40 INITRANS 1 MAXTRANS 255 NOCOMPRESS LOGGING
  STORAGE(INITIAL 65536 NEXT 1048576 MINEXTENTS 1 MAXEXTENTS 2147483645
  PCTINCREASE 0 FREELISTS 1 FREELIST GROUPS 1 BUFFER_POOL DEFAULT FLASH_CACHE DEFAULT CELL_FLASH_CACHE DEFAULT)
  TABLESPACE "SYSTEM" ;
--------------------------------------------------------
--  DDL for Table FUNDBORROWINGRATE
--------------------------------------------------------

  CREATE TABLE "FUNDBORROWINGRATE" 
   (	"CURRENCY" VARCHAR2(20 BYTE), 
	"BORROWINGRATE" FLOAT(126)
   ) SEGMENT CREATION IMMEDIATE 
  PCTFREE 10 PCTUSED 40 INITRANS 1 MAXTRANS 255 NOCOMPRESS LOGGING
  STORAGE(INITIAL 65536 NEXT 1048576 MINEXTENTS 1 MAXEXTENTS 2147483645
  PCTINCREASE 0 FREELISTS 1 FREELIST GROUPS 1 BUFFER_POOL DEFAULT FLASH_CACHE DEFAULT CELL_FLASH_CACHE DEFAULT)
  TABLESPACE "SYSTEM" ;
--------------------------------------------------------
--  DDL for Table TRADELIST
--------------------------------------------------------

  CREATE TABLE "TRADELIST" 
   (	"TRADEID" VARCHAR2(20 BYTE), 
	"TICKERSYMBOL" VARCHAR2(20 BYTE), 
	"QUANTITY" NUMBER, 
	"PRICE" FLOAT(126), 
	"BUYER" VARCHAR2(20 BYTE), 
	"SELLER" VARCHAR2(20 BYTE), 
	"SETTLEMENTDATE" DATE, 
	"ADMINUSERNAME" VARCHAR2(20 BYTE)
   ) SEGMENT CREATION IMMEDIATE 
  PCTFREE 10 PCTUSED 40 INITRANS 1 MAXTRANS 255 NOCOMPRESS LOGGING
  STORAGE(INITIAL 65536 NEXT 1048576 MINEXTENTS 1 MAXEXTENTS 2147483645
  PCTINCREASE 0 FREELISTS 1 FREELIST GROUPS 1 BUFFER_POOL DEFAULT FLASH_CACHE DEFAULT CELL_FLASH_CACHE DEFAULT)
  TABLESPACE "SYSTEM" ;
--------------------------------------------------------
--  DDL for Table TRADERCASHDETAILS
--------------------------------------------------------

  CREATE TABLE "TRADERCASHDETAILS" 
   (	"TRADERID" VARCHAR2(20 BYTE), 
	"TRADERNAME" VARCHAR2(40 BYTE), 
	"FUNDSAVAILABLE" FLOAT(126)
   ) SEGMENT CREATION IMMEDIATE 
  PCTFREE 10 PCTUSED 40 INITRANS 1 MAXTRANS 255 NOCOMPRESS LOGGING
  STORAGE(INITIAL 65536 NEXT 1048576 MINEXTENTS 1 MAXEXTENTS 2147483645
  PCTINCREASE 0 FREELISTS 1 FREELIST GROUPS 1 BUFFER_POOL DEFAULT FLASH_CACHE DEFAULT CELL_FLASH_CACHE DEFAULT)
  TABLESPACE "SYSTEM" ;
--------------------------------------------------------
--  DDL for Table TRADEREQUITYDETAILS
--------------------------------------------------------

  CREATE TABLE "TRADEREQUITYDETAILS" 
   (	"TRADERID" VARCHAR2(20 BYTE), 
	"TICKERSYMBOL" VARCHAR2(20 BYTE), 
	"QUANTITY" NUMBER(*,0)
   ) SEGMENT CREATION IMMEDIATE 
  PCTFREE 10 PCTUSED 40 INITRANS 1 MAXTRANS 255 NOCOMPRESS LOGGING
  STORAGE(INITIAL 65536 NEXT 1048576 MINEXTENTS 1 MAXEXTENTS 2147483645
  PCTINCREASE 0 FREELISTS 1 FREELIST GROUPS 1 BUFFER_POOL DEFAULT FLASH_CACHE DEFAULT CELL_FLASH_CACHE DEFAULT)
  TABLESPACE "SYSTEM" ;
--------------------------------------------------------
--  DDL for Table TRADERLOGIN
--------------------------------------------------------

  CREATE TABLE "TRADERLOGIN" 
   (	"TRADERID" VARCHAR2(20 BYTE), 
	"TRADERUSERNAME" VARCHAR2(20 BYTE), 
	"TRADERPASSWORD" VARCHAR2(20 BYTE)
   ) SEGMENT CREATION IMMEDIATE 
  PCTFREE 10 PCTUSED 40 INITRANS 1 MAXTRANS 255 NOCOMPRESS LOGGING
  STORAGE(INITIAL 65536 NEXT 1048576 MINEXTENTS 1 MAXEXTENTS 2147483645
  PCTINCREASE 0 FREELISTS 1 FREELIST GROUPS 1 BUFFER_POOL DEFAULT FLASH_CACHE DEFAULT CELL_FLASH_CACHE DEFAULT)
  TABLESPACE "SYSTEM" ;
REM INSERTING into SETTLEMENT.ADMINLOGIN
SET DEFINE OFF;
Insert into SETTLEMENT.ADMINLOGIN (ADMINUSERNAME,ADMINPASSWORD) values ('SB64531','Sneha123');
Insert into SETTLEMENT.ADMINLOGIN (ADMINUSERNAME,ADMINPASSWORD) values ('RA63173','Rutuja123');
Insert into SETTLEMENT.ADMINLOGIN (ADMINUSERNAME,ADMINPASSWORD) values ('NB64186','Nishtha123');
Insert into SETTLEMENT.ADMINLOGIN (ADMINUSERNAME,ADMINPASSWORD) values ('admin','admin');
REM INSERTING into SETTLEMENT.CORPORATEACTIONBONUS
SET DEFINE OFF;
REM INSERTING into SETTLEMENT.CORPORATEACTIONDIVIDEND
SET DEFINE OFF;
REM INSERTING into SETTLEMENT.CORPORATEACTIONSPLITS
SET DEFINE OFF;
REM INSERTING into SETTLEMENT.EQUITYBORROWINGRATE
SET DEFINE OFF;
Insert into SETTLEMENT.EQUITYBORROWINGRATE (TICKERSYMBOL,BORROWINGRATE) values ('MSFT',7);
Insert into SETTLEMENT.EQUITYBORROWINGRATE (TICKERSYMBOL,BORROWINGRATE) values ('AAPL',8);
Insert into SETTLEMENT.EQUITYBORROWINGRATE (TICKERSYMBOL,BORROWINGRATE) values ('AMZN',9);
Insert into SETTLEMENT.EQUITYBORROWINGRATE (TICKERSYMBOL,BORROWINGRATE) values ('GOOG',8);
Insert into SETTLEMENT.EQUITYBORROWINGRATE (TICKERSYMBOL,BORROWINGRATE) values ('FB',7);
REM INSERTING into SETTLEMENT.EQUITYDETAILS
SET DEFINE OFF;
Insert into SETTLEMENT.EQUITYDETAILS (TICKERSYMBOL,COMPANYNAME,FACEVALUE) values ('MSFT','Microsoft Corporation','0.5');
Insert into SETTLEMENT.EQUITYDETAILS (TICKERSYMBOL,COMPANYNAME,FACEVALUE) values ('AAPL','Apple Inc.','0.05');
Insert into SETTLEMENT.EQUITYDETAILS (TICKERSYMBOL,COMPANYNAME,FACEVALUE) values ('AMZN','Amazon.com, Inc.','0.3');
Insert into SETTLEMENT.EQUITYDETAILS (TICKERSYMBOL,COMPANYNAME,FACEVALUE) values ('GOOG','Alphabet Inc.','0.04');
Insert into SETTLEMENT.EQUITYDETAILS (TICKERSYMBOL,COMPANYNAME,FACEVALUE) values ('FB','Facebook, Inc.','0.5');
REM INSERTING into SETTLEMENT.FUNDBORROWINGRATE
SET DEFINE OFF;
Insert into SETTLEMENT.FUNDBORROWINGRATE (CURRENCY,BORROWINGRATE) values ('usd',1.25);
Insert into SETTLEMENT.FUNDBORROWINGRATE (CURRENCY,BORROWINGRATE) values ('inr',1.1);
Insert into SETTLEMENT.FUNDBORROWINGRATE (CURRENCY,BORROWINGRATE) values ('jpy',1.15);
REM INSERTING into SETTLEMENT.TRADELIST
SET DEFINE OFF;
Insert into SETTLEMENT.TRADELIST (TRADEID,TICKERSYMBOL,QUANTITY,PRICE,BUYER,SELLER,SETTLEMENTDATE,ADMINUSERNAME) values ('1','AAPL',22000,101.2,'4','3',to_date('06-SEP-19','DD-MON-RR'),'SB64531');
Insert into SETTLEMENT.TRADELIST (TRADEID,TICKERSYMBOL,QUANTITY,PRICE,BUYER,SELLER,SETTLEMENTDATE,ADMINUSERNAME) values ('2','AAPL',2000,99.8,'5','2',to_date('07-SEP-19','DD-MON-RR'),'SB64531');
Insert into SETTLEMENT.TRADELIST (TRADEID,TICKERSYMBOL,QUANTITY,PRICE,BUYER,SELLER,SETTLEMENTDATE,ADMINUSERNAME) values ('3','AMZN',12000,4,'1','5',to_date('08-SEP-19','DD-MON-RR'),'SB64531');
Insert into SETTLEMENT.TRADELIST (TRADEID,TICKERSYMBOL,QUANTITY,PRICE,BUYER,SELLER,SETTLEMENTDATE,ADMINUSERNAME) values ('4','MSFT',7000,47,'2','4',to_date('09-SEP-19','DD-MON-RR'),'SB64531');
Insert into SETTLEMENT.TRADELIST (TRADEID,TICKERSYMBOL,QUANTITY,PRICE,BUYER,SELLER,SETTLEMENTDATE,ADMINUSERNAME) values ('5','GOOG',13000,44,'3','1',to_date('10-SEP-19','DD-MON-RR'),'SB64531');
Insert into SETTLEMENT.TRADELIST (TRADEID,TICKERSYMBOL,QUANTITY,PRICE,BUYER,SELLER,SETTLEMENTDATE,ADMINUSERNAME) values ('6','AMZN',30000,75.1,'4','3',to_date('11-SEP-19','DD-MON-RR'),'SB64531');
Insert into SETTLEMENT.TRADELIST (TRADEID,TICKERSYMBOL,QUANTITY,PRICE,BUYER,SELLER,SETTLEMENTDATE,ADMINUSERNAME) values ('7','GOOG',50000,45,'5','2',to_date('12-SEP-19','DD-MON-RR'),'SB64531');
Insert into SETTLEMENT.TRADELIST (TRADEID,TICKERSYMBOL,QUANTITY,PRICE,BUYER,SELLER,SETTLEMENTDATE,ADMINUSERNAME) values ('8','MSFT',100000,46,'2','4',to_date('13-SEP-19','DD-MON-RR'),'NB64186');
Insert into SETTLEMENT.TRADELIST (TRADEID,TICKERSYMBOL,QUANTITY,PRICE,BUYER,SELLER,SETTLEMENTDATE,ADMINUSERNAME) values ('9','AAPL',10000,100.1,'1','5',to_date('14-SEP-19','DD-MON-RR'),'NB64186');
Insert into SETTLEMENT.TRADELIST (TRADEID,TICKERSYMBOL,QUANTITY,PRICE,BUYER,SELLER,SETTLEMENTDATE,ADMINUSERNAME) values ('10','MSFT',25000,44.5,'5','2',to_date('15-SEP-19','DD-MON-RR'),'NB64186');
Insert into SETTLEMENT.TRADELIST (TRADEID,TICKERSYMBOL,QUANTITY,PRICE,BUYER,SELLER,SETTLEMENTDATE,ADMINUSERNAME) values ('11','FB',23000,153,'4','3',to_date('16-SEP-19','DD-MON-RR'),'NB64186');
Insert into SETTLEMENT.TRADELIST (TRADEID,TICKERSYMBOL,QUANTITY,PRICE,BUYER,SELLER,SETTLEMENTDATE,ADMINUSERNAME) values ('12','MSFT',40000,45,'3','1',to_date('17-SEP-19','DD-MON-RR'),'NB64186');
Insert into SETTLEMENT.TRADELIST (TRADEID,TICKERSYMBOL,QUANTITY,PRICE,BUYER,SELLER,SETTLEMENTDATE,ADMINUSERNAME) values ('13','GOOG',62000,46,'2','4',to_date('18-SEP-19','DD-MON-RR'),'NB64186');
Insert into SETTLEMENT.TRADELIST (TRADEID,TICKERSYMBOL,QUANTITY,PRICE,BUYER,SELLER,SETTLEMENTDATE,ADMINUSERNAME) values ('14','FB',12000,156,'1','5',to_date('19-SEP-19','DD-MON-RR'),'NB64186');
Insert into SETTLEMENT.TRADELIST (TRADEID,TICKERSYMBOL,QUANTITY,PRICE,BUYER,SELLER,SETTLEMENTDATE,ADMINUSERNAME) values ('15','AMZN',56000,77,'3','1',to_date('20-SEP-19','DD-MON-RR'),'RA63173');
Insert into SETTLEMENT.TRADELIST (TRADEID,TICKERSYMBOL,QUANTITY,PRICE,BUYER,SELLER,SETTLEMENTDATE,ADMINUSERNAME) values ('16','FB',72000,159,'2','4',to_date('21-SEP-19','DD-MON-RR'),'RA63173');
Insert into SETTLEMENT.TRADELIST (TRADEID,TICKERSYMBOL,QUANTITY,PRICE,BUYER,SELLER,SETTLEMENTDATE,ADMINUSERNAME) values ('17','AMZN',89000,76,'1','5',to_date('22-SEP-19','DD-MON-RR'),'RA63173');
Insert into SETTLEMENT.TRADELIST (TRADEID,TICKERSYMBOL,QUANTITY,PRICE,BUYER,SELLER,SETTLEMENTDATE,ADMINUSERNAME) values ('18','FB',91000,152,'5','2',to_date('23-SEP-19','DD-MON-RR'),'RA63173');
Insert into SETTLEMENT.TRADELIST (TRADEID,TICKERSYMBOL,QUANTITY,PRICE,BUYER,SELLER,SETTLEMENTDATE,ADMINUSERNAME) values ('19','GOOG',28000,44.2,'3','1',to_date('24-SEP-19','DD-MON-RR'),'RA63173');
Insert into SETTLEMENT.TRADELIST (TRADEID,TICKERSYMBOL,QUANTITY,PRICE,BUYER,SELLER,SETTLEMENTDATE,ADMINUSERNAME) values ('20','AAPL',30000,102,'4','3',to_date('25-SEP-19','DD-MON-RR'),'RA63173');
REM INSERTING into SETTLEMENT.TRADERCASHDETAILS
SET DEFINE OFF;
Insert into SETTLEMENT.TRADERCASHDETAILS (TRADERID,TRADERNAME,FUNDSAVAILABLE) values ('1','Goldman Sachs',5500000);
Insert into SETTLEMENT.TRADERCASHDETAILS (TRADERID,TRADERNAME,FUNDSAVAILABLE) values ('2','JP Morgan Chase',5322113);
Insert into SETTLEMENT.TRADERCASHDETAILS (TRADERID,TRADERNAME,FUNDSAVAILABLE) values ('3','Barclays',4321232);
Insert into SETTLEMENT.TRADERCASHDETAILS (TRADERID,TRADERNAME,FUNDSAVAILABLE) values ('4','Deutsche Bank',982122);
Insert into SETTLEMENT.TRADERCASHDETAILS (TRADERID,TRADERNAME,FUNDSAVAILABLE) values ('5','Citigroup',1234232);
REM INSERTING into SETTLEMENT.TRADEREQUITYDETAILS
SET DEFINE OFF;
Insert into SETTLEMENT.TRADEREQUITYDETAILS (TRADERID,TICKERSYMBOL,QUANTITY) values ('1','FB',40000);
Insert into SETTLEMENT.TRADEREQUITYDETAILS (TRADERID,TICKERSYMBOL,QUANTITY) values ('3','MSFT',33);
Insert into SETTLEMENT.TRADEREQUITYDETAILS (TRADERID,TICKERSYMBOL,QUANTITY) values ('3','AAPL',32425);
Insert into SETTLEMENT.TRADEREQUITYDETAILS (TRADERID,TICKERSYMBOL,QUANTITY) values ('3','GOOG',2343262);
Insert into SETTLEMENT.TRADEREQUITYDETAILS (TRADERID,TICKERSYMBOL,QUANTITY) values ('3','AMZN',12224);
Insert into SETTLEMENT.TRADEREQUITYDETAILS (TRADERID,TICKERSYMBOL,QUANTITY) values ('4','FB',5000);
Insert into SETTLEMENT.TRADEREQUITYDETAILS (TRADERID,TICKERSYMBOL,QUANTITY) values ('4','MSFT',300);
Insert into SETTLEMENT.TRADEREQUITYDETAILS (TRADERID,TICKERSYMBOL,QUANTITY) values ('1','MSFT',13242);
Insert into SETTLEMENT.TRADEREQUITYDETAILS (TRADERID,TICKERSYMBOL,QUANTITY) values ('4','AAPL',132213);
Insert into SETTLEMENT.TRADEREQUITYDETAILS (TRADERID,TICKERSYMBOL,QUANTITY) values ('4','GOOG',5343);
Insert into SETTLEMENT.TRADEREQUITYDETAILS (TRADERID,TICKERSYMBOL,QUANTITY) values ('4','AMZN',234241);
Insert into SETTLEMENT.TRADEREQUITYDETAILS (TRADERID,TICKERSYMBOL,QUANTITY) values ('5','FB',2452);
Insert into SETTLEMENT.TRADEREQUITYDETAILS (TRADERID,TICKERSYMBOL,QUANTITY) values ('5','MSFT',243321);
Insert into SETTLEMENT.TRADEREQUITYDETAILS (TRADERID,TICKERSYMBOL,QUANTITY) values ('5','AAPL',2432);
Insert into SETTLEMENT.TRADEREQUITYDETAILS (TRADERID,TICKERSYMBOL,QUANTITY) values ('5','GOOG',454332);
Insert into SETTLEMENT.TRADEREQUITYDETAILS (TRADERID,TICKERSYMBOL,QUANTITY) values ('1','AAPL',23556);
Insert into SETTLEMENT.TRADEREQUITYDETAILS (TRADERID,TICKERSYMBOL,QUANTITY) values ('1','GOOG',57644);
Insert into SETTLEMENT.TRADEREQUITYDETAILS (TRADERID,TICKERSYMBOL,QUANTITY) values ('1','AMZN',3532);
Insert into SETTLEMENT.TRADEREQUITYDETAILS (TRADERID,TICKERSYMBOL,QUANTITY) values ('2','FB',35634);
Insert into SETTLEMENT.TRADEREQUITYDETAILS (TRADERID,TICKERSYMBOL,QUANTITY) values ('2','MSFT',3454362);
Insert into SETTLEMENT.TRADEREQUITYDETAILS (TRADERID,TICKERSYMBOL,QUANTITY) values ('2','AAPL',574534);
Insert into SETTLEMENT.TRADEREQUITYDETAILS (TRADERID,TICKERSYMBOL,QUANTITY) values ('2','GOOG',245221);
Insert into SETTLEMENT.TRADEREQUITYDETAILS (TRADERID,TICKERSYMBOL,QUANTITY) values ('2','AMZN',464353);
Insert into SETTLEMENT.TRADEREQUITYDETAILS (TRADERID,TICKERSYMBOL,QUANTITY) values ('3','FB',242623);
Insert into SETTLEMENT.TRADEREQUITYDETAILS (TRADERID,TICKERSYMBOL,QUANTITY) values ('5','AMZN',45241);
REM INSERTING into SETTLEMENT.TRADERLOGIN
SET DEFINE OFF;
Insert into SETTLEMENT.TRADERLOGIN (TRADERID,TRADERUSERNAME,TRADERPASSWORD) values ('1','GS','goldman123');
Insert into SETTLEMENT.TRADERLOGIN (TRADERID,TRADERUSERNAME,TRADERPASSWORD) values ('2','JPM','jpmorgan123');
Insert into SETTLEMENT.TRADERLOGIN (TRADERID,TRADERUSERNAME,TRADERPASSWORD) values ('3','BCS','barclay123');
Insert into SETTLEMENT.TRADERLOGIN (TRADERID,TRADERUSERNAME,TRADERPASSWORD) values ('6','DB','dhuss123');
Insert into SETTLEMENT.TRADERLOGIN (TRADERID,TRADERUSERNAME,TRADERPASSWORD) values ('7','C','citi123');
--------------------------------------------------------
--  DDL for Index FUNDBORROWINGRATE_PK
--------------------------------------------------------

  CREATE UNIQUE INDEX "FUNDBORROWINGRATE_PK" ON "FUNDBORROWINGRATE" ("CURRENCY") 
  PCTFREE 10 INITRANS 2 MAXTRANS 255 
  STORAGE(INITIAL 65536 NEXT 1048576 MINEXTENTS 1 MAXEXTENTS 2147483645
  PCTINCREASE 0 FREELISTS 1 FREELIST GROUPS 1 BUFFER_POOL DEFAULT FLASH_CACHE DEFAULT CELL_FLASH_CACHE DEFAULT)
  TABLESPACE "SYSTEM" ;
--------------------------------------------------------
--  DDL for Index CORPORATEACTIONDIVIDEND_PK
--------------------------------------------------------

  CREATE UNIQUE INDEX "CORPORATEACTIONDIVIDEND_PK" ON "CORPORATEACTIONDIVIDEND" ("TICKERSYMBOL") 
  PCTFREE 10 INITRANS 2 MAXTRANS 255 
  STORAGE(INITIAL 65536 NEXT 1048576 MINEXTENTS 1 MAXEXTENTS 2147483645
  PCTINCREASE 0 FREELISTS 1 FREELIST GROUPS 1 BUFFER_POOL DEFAULT FLASH_CACHE DEFAULT CELL_FLASH_CACHE DEFAULT)
  TABLESPACE "SYSTEM" ;
--------------------------------------------------------
--  DDL for Index EQUITYBORROWINGRATE_PK
--------------------------------------------------------

  CREATE UNIQUE INDEX "EQUITYBORROWINGRATE_PK" ON "EQUITYBORROWINGRATE" ("TICKERSYMBOL") 
  PCTFREE 10 INITRANS 2 MAXTRANS 255 
  STORAGE(INITIAL 65536 NEXT 1048576 MINEXTENTS 1 MAXEXTENTS 2147483645
  PCTINCREASE 0 FREELISTS 1 FREELIST GROUPS 1 BUFFER_POOL DEFAULT FLASH_CACHE DEFAULT CELL_FLASH_CACHE DEFAULT)
  TABLESPACE "SYSTEM" ;
--------------------------------------------------------
--  DDL for Index EQUITYDETAILS_PK
--------------------------------------------------------

  CREATE UNIQUE INDEX "EQUITYDETAILS_PK" ON "EQUITYDETAILS" ("TICKERSYMBOL") 
  PCTFREE 10 INITRANS 2 MAXTRANS 255 COMPUTE STATISTICS 
  STORAGE(INITIAL 65536 NEXT 1048576 MINEXTENTS 1 MAXEXTENTS 2147483645
  PCTINCREASE 0 FREELISTS 1 FREELIST GROUPS 1 BUFFER_POOL DEFAULT FLASH_CACHE DEFAULT CELL_FLASH_CACHE DEFAULT)
  TABLESPACE "SYSTEM" ;
--------------------------------------------------------
--  DDL for Index CORPORATEACTIONBONUS_PK
--------------------------------------------------------

  CREATE UNIQUE INDEX "CORPORATEACTIONBONUS_PK" ON "CORPORATEACTIONBONUS" ("TICKERSYMBOL") 
  PCTFREE 10 INITRANS 2 MAXTRANS 255 
  STORAGE(INITIAL 65536 NEXT 1048576 MINEXTENTS 1 MAXEXTENTS 2147483645
  PCTINCREASE 0 FREELISTS 1 FREELIST GROUPS 1 BUFFER_POOL DEFAULT FLASH_CACHE DEFAULT CELL_FLASH_CACHE DEFAULT)
  TABLESPACE "SYSTEM" ;
--------------------------------------------------------
--  DDL for Index TRADERLOGIN_PK
--------------------------------------------------------

  CREATE UNIQUE INDEX "TRADERLOGIN_PK" ON "TRADELIST" ("TRADEID") 
  PCTFREE 10 INITRANS 2 MAXTRANS 255 COMPUTE STATISTICS 
  STORAGE(INITIAL 65536 NEXT 1048576 MINEXTENTS 1 MAXEXTENTS 2147483645
  PCTINCREASE 0 FREELISTS 1 FREELIST GROUPS 1 BUFFER_POOL DEFAULT FLASH_CACHE DEFAULT CELL_FLASH_CACHE DEFAULT)
  TABLESPACE "SYSTEM" ;
--------------------------------------------------------
--  DDL for Index TRADERCASHDETAILS_PK
--------------------------------------------------------

  CREATE UNIQUE INDEX "TRADERCASHDETAILS_PK" ON "TRADERCASHDETAILS" ("TRADERID") 
  PCTFREE 10 INITRANS 2 MAXTRANS 255 COMPUTE STATISTICS 
  STORAGE(INITIAL 65536 NEXT 1048576 MINEXTENTS 1 MAXEXTENTS 2147483645
  PCTINCREASE 0 FREELISTS 1 FREELIST GROUPS 1 BUFFER_POOL DEFAULT FLASH_CACHE DEFAULT CELL_FLASH_CACHE DEFAULT)
  TABLESPACE "SYSTEM" ;
--------------------------------------------------------
--  DDL for Index ADMINLOGIN_PK
--------------------------------------------------------

  CREATE UNIQUE INDEX "ADMINLOGIN_PK" ON "ADMINLOGIN" ("ADMINUSERNAME") 
  PCTFREE 10 INITRANS 2 MAXTRANS 255 COMPUTE STATISTICS 
  STORAGE(INITIAL 65536 NEXT 1048576 MINEXTENTS 1 MAXEXTENTS 2147483645
  PCTINCREASE 0 FREELISTS 1 FREELIST GROUPS 1 BUFFER_POOL DEFAULT FLASH_CACHE DEFAULT CELL_FLASH_CACHE DEFAULT)
  TABLESPACE "SYSTEM" ;
--------------------------------------------------------
--  Constraints for Table CORPORATEACTIONBONUS
--------------------------------------------------------

  ALTER TABLE "CORPORATEACTIONBONUS" ADD CONSTRAINT "CORPORATEACTIONBONUS_PK" PRIMARY KEY ("TICKERSYMBOL")
  USING INDEX PCTFREE 10 INITRANS 2 MAXTRANS 255 
  STORAGE(INITIAL 65536 NEXT 1048576 MINEXTENTS 1 MAXEXTENTS 2147483645
  PCTINCREASE 0 FREELISTS 1 FREELIST GROUPS 1 BUFFER_POOL DEFAULT FLASH_CACHE DEFAULT CELL_FLASH_CACHE DEFAULT)
  TABLESPACE "SYSTEM"  ENABLE;
  ALTER TABLE "CORPORATEACTIONBONUS" MODIFY ("TICKERSYMBOL" NOT NULL ENABLE);
--------------------------------------------------------
--  Constraints for Table EQUITYDETAILS
--------------------------------------------------------

  ALTER TABLE "EQUITYDETAILS" MODIFY ("FACEVALUE" NOT NULL ENABLE);
  ALTER TABLE "EQUITYDETAILS" ADD CONSTRAINT "EQUITYDETAILS_PK" PRIMARY KEY ("TICKERSYMBOL")
  USING INDEX PCTFREE 10 INITRANS 2 MAXTRANS 255 COMPUTE STATISTICS 
  STORAGE(INITIAL 65536 NEXT 1048576 MINEXTENTS 1 MAXEXTENTS 2147483645
  PCTINCREASE 0 FREELISTS 1 FREELIST GROUPS 1 BUFFER_POOL DEFAULT FLASH_CACHE DEFAULT CELL_FLASH_CACHE DEFAULT)
  TABLESPACE "SYSTEM"  ENABLE;
  ALTER TABLE "EQUITYDETAILS" MODIFY ("TICKERSYMBOL" NOT NULL ENABLE);
  ALTER TABLE "EQUITYDETAILS" MODIFY ("COMPANYNAME" NOT NULL ENABLE);
--------------------------------------------------------
--  Constraints for Table ADMINLOGIN
--------------------------------------------------------

  ALTER TABLE "ADMINLOGIN" ADD CONSTRAINT "ADMINLOGIN_PK" PRIMARY KEY ("ADMINUSERNAME")
  USING INDEX PCTFREE 10 INITRANS 2 MAXTRANS 255 COMPUTE STATISTICS 
  STORAGE(INITIAL 65536 NEXT 1048576 MINEXTENTS 1 MAXEXTENTS 2147483645
  PCTINCREASE 0 FREELISTS 1 FREELIST GROUPS 1 BUFFER_POOL DEFAULT FLASH_CACHE DEFAULT CELL_FLASH_CACHE DEFAULT)
  TABLESPACE "SYSTEM"  ENABLE;
  ALTER TABLE "ADMINLOGIN" MODIFY ("ADMINPASSWORD" NOT NULL ENABLE);
  ALTER TABLE "ADMINLOGIN" MODIFY ("ADMINUSERNAME" NOT NULL ENABLE);
--------------------------------------------------------
--  Constraints for Table TRADERLOGIN
--------------------------------------------------------

  ALTER TABLE "TRADERLOGIN" MODIFY ("TRADERPASSWORD" NOT NULL ENABLE);
  ALTER TABLE "TRADERLOGIN" MODIFY ("TRADERUSERNAME" NOT NULL ENABLE);
  ALTER TABLE "TRADERLOGIN" MODIFY ("TRADERID" NOT NULL ENABLE);
--------------------------------------------------------
--  Constraints for Table CORPORATEACTIONDIVIDEND
--------------------------------------------------------

  ALTER TABLE "CORPORATEACTIONDIVIDEND" ADD CONSTRAINT "CORPORATEACTIONDIVIDEND_PK" PRIMARY KEY ("TICKERSYMBOL")
  USING INDEX PCTFREE 10 INITRANS 2 MAXTRANS 255 
  STORAGE(INITIAL 65536 NEXT 1048576 MINEXTENTS 1 MAXEXTENTS 2147483645
  PCTINCREASE 0 FREELISTS 1 FREELIST GROUPS 1 BUFFER_POOL DEFAULT FLASH_CACHE DEFAULT CELL_FLASH_CACHE DEFAULT)
  TABLESPACE "SYSTEM"  ENABLE;
  ALTER TABLE "CORPORATEACTIONDIVIDEND" MODIFY ("TICKERSYMBOL" NOT NULL ENABLE);
--------------------------------------------------------
--  Constraints for Table TRADERCASHDETAILS
--------------------------------------------------------

  ALTER TABLE "TRADERCASHDETAILS" ADD CONSTRAINT "TRADERCASHDETAILS_PK" PRIMARY KEY ("TRADERID")
  USING INDEX PCTFREE 10 INITRANS 2 MAXTRANS 255 COMPUTE STATISTICS 
  STORAGE(INITIAL 65536 NEXT 1048576 MINEXTENTS 1 MAXEXTENTS 2147483645
  PCTINCREASE 0 FREELISTS 1 FREELIST GROUPS 1 BUFFER_POOL DEFAULT FLASH_CACHE DEFAULT CELL_FLASH_CACHE DEFAULT)
  TABLESPACE "SYSTEM"  ENABLE;
  ALTER TABLE "TRADERCASHDETAILS" MODIFY ("TRADERID" NOT NULL ENABLE);
  ALTER TABLE "TRADERCASHDETAILS" MODIFY ("FUNDSAVAILABLE" NOT NULL ENABLE);
  ALTER TABLE "TRADERCASHDETAILS" MODIFY ("TRADERNAME" NOT NULL ENABLE);
--------------------------------------------------------
--  Constraints for Table TRADELIST
--------------------------------------------------------

  ALTER TABLE "TRADELIST" ADD CONSTRAINT "TRADERLOGIN_PK" PRIMARY KEY ("TRADEID")
  USING INDEX PCTFREE 10 INITRANS 2 MAXTRANS 255 COMPUTE STATISTICS 
  STORAGE(INITIAL 65536 NEXT 1048576 MINEXTENTS 1 MAXEXTENTS 2147483645
  PCTINCREASE 0 FREELISTS 1 FREELIST GROUPS 1 BUFFER_POOL DEFAULT FLASH_CACHE DEFAULT CELL_FLASH_CACHE DEFAULT)
  TABLESPACE "SYSTEM"  ENABLE;
  ALTER TABLE "TRADELIST" MODIFY ("SETTLEMENTDATE" NOT NULL ENABLE);
  ALTER TABLE "TRADELIST" MODIFY ("SELLER" NOT NULL ENABLE);
  ALTER TABLE "TRADELIST" MODIFY ("BUYER" NOT NULL ENABLE);
  ALTER TABLE "TRADELIST" MODIFY ("PRICE" NOT NULL ENABLE);
  ALTER TABLE "TRADELIST" MODIFY ("QUANTITY" NOT NULL ENABLE);
  ALTER TABLE "TRADELIST" MODIFY ("TICKERSYMBOL" NOT NULL ENABLE);
  ALTER TABLE "TRADELIST" MODIFY ("TRADEID" NOT NULL ENABLE);
--------------------------------------------------------
--  Constraints for Table TRADEREQUITYDETAILS
--------------------------------------------------------

  ALTER TABLE "TRADEREQUITYDETAILS" MODIFY ("QUANTITY" NOT NULL ENABLE);
  ALTER TABLE "TRADEREQUITYDETAILS" MODIFY ("TICKERSYMBOL" NOT NULL ENABLE);
  ALTER TABLE "TRADEREQUITYDETAILS" MODIFY ("TRADERID" NOT NULL ENABLE);
--------------------------------------------------------
--  Constraints for Table EQUITYBORROWINGRATE
--------------------------------------------------------

  ALTER TABLE "EQUITYBORROWINGRATE" ADD CONSTRAINT "EQUITYBORROWINGRATE_PK" PRIMARY KEY ("TICKERSYMBOL")
  USING INDEX PCTFREE 10 INITRANS 2 MAXTRANS 255 
  STORAGE(INITIAL 65536 NEXT 1048576 MINEXTENTS 1 MAXEXTENTS 2147483645
  PCTINCREASE 0 FREELISTS 1 FREELIST GROUPS 1 BUFFER_POOL DEFAULT FLASH_CACHE DEFAULT CELL_FLASH_CACHE DEFAULT)
  TABLESPACE "SYSTEM"  ENABLE;
  ALTER TABLE "EQUITYBORROWINGRATE" MODIFY ("TICKERSYMBOL" NOT NULL ENABLE);
--------------------------------------------------------
--  Constraints for Table FUNDBORROWINGRATE
--------------------------------------------------------

  ALTER TABLE "FUNDBORROWINGRATE" ADD CONSTRAINT "FUNDBORROWINGRATE_PK" PRIMARY KEY ("CURRENCY")
  USING INDEX PCTFREE 10 INITRANS 2 MAXTRANS 255 
  STORAGE(INITIAL 65536 NEXT 1048576 MINEXTENTS 1 MAXEXTENTS 2147483645
  PCTINCREASE 0 FREELISTS 1 FREELIST GROUPS 1 BUFFER_POOL DEFAULT FLASH_CACHE DEFAULT CELL_FLASH_CACHE DEFAULT)
  TABLESPACE "SYSTEM"  ENABLE;
  ALTER TABLE "FUNDBORROWINGRATE" MODIFY ("CURRENCY" NOT NULL ENABLE);
