--------------------------------------------------------
--  File created - Wednesday-September-11-2019   
--------------------------------------------------------
--------------------------------------------------------
--  DDL for Table ADMINLOGIN
--------------------------------------------------------

  CREATE TABLE "SETTLEMENT"."ADMINLOGIN" 
   (	"ADMINUSERNAME" VARCHAR2(20 BYTE), 
	"ADMINPASSWORD" VARCHAR2(20 BYTE)
   ) SEGMENT CREATION IMMEDIATE 
  PCTFREE 10 PCTUSED 40 INITRANS 1 MAXTRANS 255 NOCOMPRESS LOGGING
  STORAGE(INITIAL 65536 NEXT 1048576 MINEXTENTS 1 MAXEXTENTS 2147483645
  PCTINCREASE 0 FREELISTS 1 FREELIST GROUPS 1 BUFFER_POOL DEFAULT FLASH_CACHE DEFAULT CELL_FLASH_CACHE DEFAULT)
  TABLESPACE "SYSTEM" ;
--------------------------------------------------------
--  DDL for Table CORPORATEACTIONBONUS
--------------------------------------------------------

  CREATE TABLE "SETTLEMENT"."CORPORATEACTIONBONUS" 
   (	"TICKERSYMBOL" VARCHAR2(20 BYTE), 
	"RATIONUMERATOR" NUMBER, 
	"RATIODENOMENATOR" NUMBER
   ) SEGMENT CREATION IMMEDIATE 
  PCTFREE 10 PCTUSED 40 INITRANS 1 MAXTRANS 255 NOCOMPRESS LOGGING
  STORAGE(INITIAL 65536 NEXT 1048576 MINEXTENTS 1 MAXEXTENTS 2147483645
  PCTINCREASE 0 FREELISTS 1 FREELIST GROUPS 1 BUFFER_POOL DEFAULT FLASH_CACHE DEFAULT CELL_FLASH_CACHE DEFAULT)
  TABLESPACE "SYSTEM" ;
--------------------------------------------------------
--  DDL for Table CORPORATEACTIONDIVIDEND
--------------------------------------------------------

  CREATE TABLE "SETTLEMENT"."CORPORATEACTIONDIVIDEND" 
   (	"TICKERSYMBOL" VARCHAR2(20 BYTE), 
	"DIVIDENDPERCENTAGE" FLOAT(126)
   ) SEGMENT CREATION IMMEDIATE 
  PCTFREE 10 PCTUSED 40 INITRANS 1 MAXTRANS 255 NOCOMPRESS LOGGING
  STORAGE(INITIAL 65536 NEXT 1048576 MINEXTENTS 1 MAXEXTENTS 2147483645
  PCTINCREASE 0 FREELISTS 1 FREELIST GROUPS 1 BUFFER_POOL DEFAULT FLASH_CACHE DEFAULT CELL_FLASH_CACHE DEFAULT)
  TABLESPACE "SYSTEM" ;
--------------------------------------------------------
--  DDL for Table CORPORATEACTIONSPLITS
--------------------------------------------------------

  CREATE TABLE "SETTLEMENT"."CORPORATEACTIONSPLITS" 
   (	"TICKERSYMBOL" VARCHAR2(20 BYTE), 
	"SPLITNUMERATOR" NUMBER, 
	"SPLITDENOMINATOR" NUMBER
   ) SEGMENT CREATION IMMEDIATE 
  PCTFREE 10 PCTUSED 40 INITRANS 1 MAXTRANS 255 NOCOMPRESS LOGGING
  STORAGE(INITIAL 65536 NEXT 1048576 MINEXTENTS 1 MAXEXTENTS 2147483645
  PCTINCREASE 0 FREELISTS 1 FREELIST GROUPS 1 BUFFER_POOL DEFAULT FLASH_CACHE DEFAULT CELL_FLASH_CACHE DEFAULT)
  TABLESPACE "SYSTEM" ;
--------------------------------------------------------
--  DDL for Table EQUITYBORROWINGRATE
--------------------------------------------------------

  CREATE TABLE "SETTLEMENT"."EQUITYBORROWINGRATE" 
   (	"TICKERSYMBOL" VARCHAR2(20 BYTE), 
	"BORROWINGRATE" FLOAT(126), 
	"MARKETPRICE" FLOAT(126)
   ) SEGMENT CREATION IMMEDIATE 
  PCTFREE 10 PCTUSED 40 INITRANS 1 MAXTRANS 255 NOCOMPRESS LOGGING
  STORAGE(INITIAL 65536 NEXT 1048576 MINEXTENTS 1 MAXEXTENTS 2147483645
  PCTINCREASE 0 FREELISTS 1 FREELIST GROUPS 1 BUFFER_POOL DEFAULT FLASH_CACHE DEFAULT CELL_FLASH_CACHE DEFAULT)
  TABLESPACE "SYSTEM" ;
--------------------------------------------------------
--  DDL for Table EQUITYDETAILS
--------------------------------------------------------

  CREATE TABLE "SETTLEMENT"."EQUITYDETAILS" 
   (	"TICKERSYMBOL" VARCHAR2(20 BYTE), 
	"COMPANYNAME" VARCHAR2(40 BYTE), 
	"FACEVALUE" VARCHAR2(20 BYTE)
   ) SEGMENT CREATION IMMEDIATE 
  PCTFREE 10 PCTUSED 40 INITRANS 1 MAXTRANS 255 NOCOMPRESS LOGGING
  STORAGE(INITIAL 65536 NEXT 1048576 MINEXTENTS 1 MAXEXTENTS 2147483645
  PCTINCREASE 0 FREELISTS 1 FREELIST GROUPS 1 BUFFER_POOL DEFAULT FLASH_CACHE DEFAULT CELL_FLASH_CACHE DEFAULT)
  TABLESPACE "SYSTEM" ;
--------------------------------------------------------
--  DDL for Table FUNDBORROWINGRATE
--------------------------------------------------------

  CREATE TABLE "SETTLEMENT"."FUNDBORROWINGRATE" 
   (	"CURRENCY" VARCHAR2(20 BYTE), 
	"BORROWINGRATE" FLOAT(126)
   ) SEGMENT CREATION IMMEDIATE 
  PCTFREE 10 PCTUSED 40 INITRANS 1 MAXTRANS 255 NOCOMPRESS LOGGING
  STORAGE(INITIAL 65536 NEXT 1048576 MINEXTENTS 1 MAXEXTENTS 2147483645
  PCTINCREASE 0 FREELISTS 1 FREELIST GROUPS 1 BUFFER_POOL DEFAULT FLASH_CACHE DEFAULT CELL_FLASH_CACHE DEFAULT)
  TABLESPACE "SYSTEM" ;
--------------------------------------------------------
--  DDL for Table FUNDREPORT
--------------------------------------------------------

  CREATE TABLE "SETTLEMENT"."FUNDREPORT" 
   (	"TRADERID" VARCHAR2(20 BYTE), 
	"AAPL" FLOAT(126), 
	"AMZN" FLOAT(126), 
	"GOOG" FLOAT(126), 
	"MSFT" FLOAT(126), 
	"FB" FLOAT(126)
   ) SEGMENT CREATION IMMEDIATE 
  PCTFREE 10 PCTUSED 40 INITRANS 1 MAXTRANS 255 NOCOMPRESS LOGGING
  STORAGE(INITIAL 65536 NEXT 1048576 MINEXTENTS 1 MAXEXTENTS 2147483645
  PCTINCREASE 0 FREELISTS 1 FREELIST GROUPS 1 BUFFER_POOL DEFAULT FLASH_CACHE DEFAULT CELL_FLASH_CACHE DEFAULT)
  TABLESPACE "SYSTEM" ;
--------------------------------------------------------
--  DDL for Table REPORT
--------------------------------------------------------

  CREATE TABLE "SETTLEMENT"."REPORT" 
   (	"TRADERID" VARCHAR2(20 BYTE), 
	"AAPL" NUMBER, 
	"AMZN" NUMBER, 
	"GOOG" NUMBER, 
	"MSFT" NUMBER, 
	"FB" NUMBER
   ) SEGMENT CREATION IMMEDIATE 
  PCTFREE 10 PCTUSED 40 INITRANS 1 MAXTRANS 255 NOCOMPRESS LOGGING
  STORAGE(INITIAL 65536 NEXT 1048576 MINEXTENTS 1 MAXEXTENTS 2147483645
  PCTINCREASE 0 FREELISTS 1 FREELIST GROUPS 1 BUFFER_POOL DEFAULT FLASH_CACHE DEFAULT CELL_FLASH_CACHE DEFAULT)
  TABLESPACE "SYSTEM" ;
--------------------------------------------------------
--  DDL for Table TRADELIST
--------------------------------------------------------

  CREATE TABLE "SETTLEMENT"."TRADELIST" 
   (	"TRADEID" VARCHAR2(20 BYTE), 
	"TICKERSYMBOL" VARCHAR2(20 BYTE), 
	"QUANTITY" NUMBER, 
	"PRICE" FLOAT(126), 
	"BUYER" VARCHAR2(20 BYTE), 
	"SELLER" VARCHAR2(20 BYTE), 
	"ADMINUSERNAME" VARCHAR2(20 BYTE), 
	"ISSETTLED" NUMBER
   ) SEGMENT CREATION IMMEDIATE 
  PCTFREE 10 PCTUSED 40 INITRANS 1 MAXTRANS 255 NOCOMPRESS LOGGING
  STORAGE(INITIAL 65536 NEXT 1048576 MINEXTENTS 1 MAXEXTENTS 2147483645
  PCTINCREASE 0 FREELISTS 1 FREELIST GROUPS 1 BUFFER_POOL DEFAULT FLASH_CACHE DEFAULT CELL_FLASH_CACHE DEFAULT)
  TABLESPACE "SYSTEM" ;
--------------------------------------------------------
--  DDL for Table TRADERCASHDETAILS
--------------------------------------------------------

  CREATE TABLE "SETTLEMENT"."TRADERCASHDETAILS" 
   (	"TRADERID" VARCHAR2(20 BYTE), 
	"TRADERNAME" VARCHAR2(40 BYTE), 
	"FUNDSAVAILABLE" FLOAT(126)
   ) SEGMENT CREATION IMMEDIATE 
  PCTFREE 10 PCTUSED 40 INITRANS 1 MAXTRANS 255 NOCOMPRESS LOGGING
  STORAGE(INITIAL 65536 NEXT 1048576 MINEXTENTS 1 MAXEXTENTS 2147483645
  PCTINCREASE 0 FREELISTS 1 FREELIST GROUPS 1 BUFFER_POOL DEFAULT FLASH_CACHE DEFAULT CELL_FLASH_CACHE DEFAULT)
  TABLESPACE "SYSTEM" ;
--------------------------------------------------------
--  DDL for Table TRADEREQUITYDETAILS
--------------------------------------------------------

  CREATE TABLE "SETTLEMENT"."TRADEREQUITYDETAILS" 
   (	"TRADERID" VARCHAR2(20 BYTE), 
	"TICKERSYMBOL" VARCHAR2(20 BYTE), 
	"QUANTITY" NUMBER(*,0)
   ) SEGMENT CREATION IMMEDIATE 
  PCTFREE 10 PCTUSED 40 INITRANS 1 MAXTRANS 255 NOCOMPRESS LOGGING
  STORAGE(INITIAL 65536 NEXT 1048576 MINEXTENTS 1 MAXEXTENTS 2147483645
  PCTINCREASE 0 FREELISTS 1 FREELIST GROUPS 1 BUFFER_POOL DEFAULT FLASH_CACHE DEFAULT CELL_FLASH_CACHE DEFAULT)
  TABLESPACE "SYSTEM" ;
--------------------------------------------------------
--  DDL for Table TRADERLOGIN
--------------------------------------------------------

  CREATE TABLE "SETTLEMENT"."TRADERLOGIN" 
   (	"TRADERID" VARCHAR2(20 BYTE), 
	"TRADERPASSWORD" VARCHAR2(20 BYTE)
   ) SEGMENT CREATION IMMEDIATE 
  PCTFREE 10 PCTUSED 40 INITRANS 1 MAXTRANS 255 NOCOMPRESS LOGGING
  STORAGE(INITIAL 65536 NEXT 1048576 MINEXTENTS 1 MAXEXTENTS 2147483645
  PCTINCREASE 0 FREELISTS 1 FREELIST GROUPS 1 BUFFER_POOL DEFAULT FLASH_CACHE DEFAULT CELL_FLASH_CACHE DEFAULT)
  TABLESPACE "SYSTEM" ;
REM INSERTING into SETTLEMENT.ADMINLOGIN
SET DEFINE OFF;
Insert into SETTLEMENT.ADMINLOGIN (ADMINUSERNAME,ADMINPASSWORD) values ('SB64531','Sneha123');
Insert into SETTLEMENT.ADMINLOGIN (ADMINUSERNAME,ADMINPASSWORD) values ('RA63173','Rutuja123');
Insert into SETTLEMENT.ADMINLOGIN (ADMINUSERNAME,ADMINPASSWORD) values ('NB64186','Nishtha123');
Insert into SETTLEMENT.ADMINLOGIN (ADMINUSERNAME,ADMINPASSWORD) values ('admin','admin');
REM INSERTING into SETTLEMENT.CORPORATEACTIONBONUS
SET DEFINE OFF;
REM INSERTING into SETTLEMENT.CORPORATEACTIONDIVIDEND
SET DEFINE OFF;
REM INSERTING into SETTLEMENT.CORPORATEACTIONSPLITS
SET DEFINE OFF;
REM INSERTING into SETTLEMENT.EQUITYBORROWINGRATE
SET DEFINE OFF;
Insert into SETTLEMENT.EQUITYBORROWINGRATE (TICKERSYMBOL,BORROWINGRATE,MARKETPRICE) values ('MSFT',7,140);
Insert into SETTLEMENT.EQUITYBORROWINGRATE (TICKERSYMBOL,BORROWINGRATE,MARKETPRICE) values ('AAPL',8,210);
Insert into SETTLEMENT.EQUITYBORROWINGRATE (TICKERSYMBOL,BORROWINGRATE,MARKETPRICE) values ('AMZN',9,1800);
Insert into SETTLEMENT.EQUITYBORROWINGRATE (TICKERSYMBOL,BORROWINGRATE,MARKETPRICE) values ('GOOG',8,1200);
Insert into SETTLEMENT.EQUITYBORROWINGRATE (TICKERSYMBOL,BORROWINGRATE,MARKETPRICE) values ('FB',7,190);
REM INSERTING into SETTLEMENT.EQUITYDETAILS
SET DEFINE OFF;
Insert into SETTLEMENT.EQUITYDETAILS (TICKERSYMBOL,COMPANYNAME,FACEVALUE) values ('MSFT','Microsoft Corporation','0.5');
Insert into SETTLEMENT.EQUITYDETAILS (TICKERSYMBOL,COMPANYNAME,FACEVALUE) values ('AAPL','Apple Inc.','0.05');
Insert into SETTLEMENT.EQUITYDETAILS (TICKERSYMBOL,COMPANYNAME,FACEVALUE) values ('AMZN','Amazon.com, Inc.','0.3');
Insert into SETTLEMENT.EQUITYDETAILS (TICKERSYMBOL,COMPANYNAME,FACEVALUE) values ('GOOG','Alphabet Inc.','0.04');
Insert into SETTLEMENT.EQUITYDETAILS (TICKERSYMBOL,COMPANYNAME,FACEVALUE) values ('FB','Facebook, Inc.','0.5');
REM INSERTING into SETTLEMENT.FUNDBORROWINGRATE
SET DEFINE OFF;
Insert into SETTLEMENT.FUNDBORROWINGRATE (CURRENCY,BORROWINGRATE) values ('usd',1.25);
Insert into SETTLEMENT.FUNDBORROWINGRATE (CURRENCY,BORROWINGRATE) values ('inr',1.1);
Insert into SETTLEMENT.FUNDBORROWINGRATE (CURRENCY,BORROWINGRATE) values ('jpy',1.15);
REM INSERTING into SETTLEMENT.FUNDREPORT
SET DEFINE OFF;
Insert into SETTLEMENT.FUNDREPORT (TRADERID,AAPL,AMZN,GOOG,MSFT,FB) values ('BCS',0,0,0,0,0);
Insert into SETTLEMENT.FUNDREPORT (TRADERID,AAPL,AMZN,GOOG,MSFT,FB) values ('CITI',0,0,0,0,0);
Insert into SETTLEMENT.FUNDREPORT (TRADERID,AAPL,AMZN,GOOG,MSFT,FB) values ('DB',0,0,0,0,0);
Insert into SETTLEMENT.FUNDREPORT (TRADERID,AAPL,AMZN,GOOG,MSFT,FB) values ('GS',0,0,0,0,0);
Insert into SETTLEMENT.FUNDREPORT (TRADERID,AAPL,AMZN,GOOG,MSFT,FB) values ('JPM',0,0,0,0,0);
REM INSERTING into SETTLEMENT.REPORT
SET DEFINE OFF;
Insert into SETTLEMENT.REPORT (TRADERID,AAPL,AMZN,GOOG,MSFT,FB) values ('CITI',0,0,0,0,0);
Insert into SETTLEMENT.REPORT (TRADERID,AAPL,AMZN,GOOG,MSFT,FB) values ('BCS',0,0,0,0,0);
Insert into SETTLEMENT.REPORT (TRADERID,AAPL,AMZN,GOOG,MSFT,FB) values ('DB',0,0,0,0,0);
Insert into SETTLEMENT.REPORT (TRADERID,AAPL,AMZN,GOOG,MSFT,FB) values ('GS',0,0,0,0,0);
Insert into SETTLEMENT.REPORT (TRADERID,AAPL,AMZN,GOOG,MSFT,FB) values ('JPM',0,0,0,0,0);
REM INSERTING into SETTLEMENT.TRADELIST
SET DEFINE OFF;
Insert into SETTLEMENT.TRADELIST (TRADEID,TICKERSYMBOL,QUANTITY,PRICE,BUYER,SELLER,ADMINUSERNAME,ISSETTLED) values ('3','MSFT',5607,148.95305850308705,'JPM','BCS','admin',0);
Insert into SETTLEMENT.TRADELIST (TRADEID,TICKERSYMBOL,QUANTITY,PRICE,BUYER,SELLER,ADMINUSERNAME,ISSETTLED) values ('4','GOOG',8129,1192.7142080343767,'BCS','CITI','admin',0);
Insert into SETTLEMENT.TRADELIST (TRADEID,TICKERSYMBOL,QUANTITY,PRICE,BUYER,SELLER,ADMINUSERNAME,ISSETTLED) values ('5','GOOG',9901,1178.3754164950492,'DB','JPM','admin',0);
Insert into SETTLEMENT.TRADELIST (TRADEID,TICKERSYMBOL,QUANTITY,PRICE,BUYER,SELLER,ADMINUSERNAME,ISSETTLED) values ('6','FB',9935,184.63608343726435,'GS','DB','admin',0);
Insert into SETTLEMENT.TRADELIST (TRADEID,TICKERSYMBOL,QUANTITY,PRICE,BUYER,SELLER,ADMINUSERNAME,ISSETTLED) values ('7','MSFT',6580,153.17961015099837,'BCS','JPM','admin',0);
Insert into SETTLEMENT.TRADELIST (TRADEID,TICKERSYMBOL,QUANTITY,PRICE,BUYER,SELLER,ADMINUSERNAME,ISSETTLED) values ('8','AMZN',3682,1869.614153797863,'GS','JPM','admin',0);
Insert into SETTLEMENT.TRADELIST (TRADEID,TICKERSYMBOL,QUANTITY,PRICE,BUYER,SELLER,ADMINUSERNAME,ISSETTLED) values ('9','GOOG',3779,1301.6233950149933,'BCS','GS','admin',0);
Insert into SETTLEMENT.TRADELIST (TRADEID,TICKERSYMBOL,QUANTITY,PRICE,BUYER,SELLER,ADMINUSERNAME,ISSETTLED) values ('10','AAPL',9806,217.76213735192354,'GS','CITI','admin',0);
Insert into SETTLEMENT.TRADELIST (TRADEID,TICKERSYMBOL,QUANTITY,PRICE,BUYER,SELLER,ADMINUSERNAME,ISSETTLED) values ('11','FB',7682,191.2508488650607,'DB','BCS','admin',0);
Insert into SETTLEMENT.TRADELIST (TRADEID,TICKERSYMBOL,QUANTITY,PRICE,BUYER,SELLER,ADMINUSERNAME,ISSETTLED) values ('12','FB',562,195.84180757105497,'CITI','DB','admin',0);
Insert into SETTLEMENT.TRADELIST (TRADEID,TICKERSYMBOL,QUANTITY,PRICE,BUYER,SELLER,ADMINUSERNAME,ISSETTLED) values ('13','GOOG',8043,1148.2573596237942,'JPM','GS','admin',0);
Insert into SETTLEMENT.TRADELIST (TRADEID,TICKERSYMBOL,QUANTITY,PRICE,BUYER,SELLER,ADMINUSERNAME,ISSETTLED) values ('14','MSFT',4901,133.13130124121946,'GS','DB','admin',0);
Insert into SETTLEMENT.TRADELIST (TRADEID,TICKERSYMBOL,QUANTITY,PRICE,BUYER,SELLER,ADMINUSERNAME,ISSETTLED) values ('15','GOOG',1744,1316.997516472766,'GS','CITI','admin',0);
Insert into SETTLEMENT.TRADELIST (TRADEID,TICKERSYMBOL,QUANTITY,PRICE,BUYER,SELLER,ADMINUSERNAME,ISSETTLED) values ('16','GOOG',7721,1132.7991641241995,'BCS','DB','admin',0);
Insert into SETTLEMENT.TRADELIST (TRADEID,TICKERSYMBOL,QUANTITY,PRICE,BUYER,SELLER,ADMINUSERNAME,ISSETTLED) values ('17','MSFT',4516,130.6005884521448,'BCS','JPM','admin',0);
Insert into SETTLEMENT.TRADELIST (TRADEID,TICKERSYMBOL,QUANTITY,PRICE,BUYER,SELLER,ADMINUSERNAME,ISSETTLED) values ('18','FB',6732,197.16295376649956,'BCS','DB','admin',0);
Insert into SETTLEMENT.TRADELIST (TRADEID,TICKERSYMBOL,QUANTITY,PRICE,BUYER,SELLER,ADMINUSERNAME,ISSETTLED) values ('19','FB',6758,195.68281327284072,'BCS','GS','admin',0);
Insert into SETTLEMENT.TRADELIST (TRADEID,TICKERSYMBOL,QUANTITY,PRICE,BUYER,SELLER,ADMINUSERNAME,ISSETTLED) values ('20','AAPL',9600,215.61765289777057,'DB','JPM','admin',0);
Insert into SETTLEMENT.TRADELIST (TRADEID,TICKERSYMBOL,QUANTITY,PRICE,BUYER,SELLER,ADMINUSERNAME,ISSETTLED) values ('21','AMZN',7817,1768.6926565868819,'BCS','JPM','admin',0);
Insert into SETTLEMENT.TRADELIST (TRADEID,TICKERSYMBOL,QUANTITY,PRICE,BUYER,SELLER,ADMINUSERNAME,ISSETTLED) values ('22','FB',4254,188.03945265250098,'BCS','JPM','admin',0);
Insert into SETTLEMENT.TRADELIST (TRADEID,TICKERSYMBOL,QUANTITY,PRICE,BUYER,SELLER,ADMINUSERNAME,ISSETTLED) values ('23','AMZN',2852,1699.7505900826195,'BCS','DB','admin',0);
Insert into SETTLEMENT.TRADELIST (TRADEID,TICKERSYMBOL,QUANTITY,PRICE,BUYER,SELLER,ADMINUSERNAME,ISSETTLED) values ('24','MSFT',4970,142.11828126016127,'GS','DB','admin',0);
Insert into SETTLEMENT.TRADELIST (TRADEID,TICKERSYMBOL,QUANTITY,PRICE,BUYER,SELLER,ADMINUSERNAME,ISSETTLED) values ('25','GOOG',9309,1291.986106983436,'GS','BCS','admin',0);
Insert into SETTLEMENT.TRADELIST (TRADEID,TICKERSYMBOL,QUANTITY,PRICE,BUYER,SELLER,ADMINUSERNAME,ISSETTLED) values ('26','FB',3823,198.82935400856036,'JPM','DB','admin',0);
Insert into SETTLEMENT.TRADELIST (TRADEID,TICKERSYMBOL,QUANTITY,PRICE,BUYER,SELLER,ADMINUSERNAME,ISSETTLED) values ('27','FB',5718,208.36130698656046,'DB','JPM','admin',0);
Insert into SETTLEMENT.TRADELIST (TRADEID,TICKERSYMBOL,QUANTITY,PRICE,BUYER,SELLER,ADMINUSERNAME,ISSETTLED) values ('28','MSFT',7676,145.7234588127656,'BCS','DB','admin',0);
Insert into SETTLEMENT.TRADELIST (TRADEID,TICKERSYMBOL,QUANTITY,PRICE,BUYER,SELLER,ADMINUSERNAME,ISSETTLED) values ('29','MSFT',3573,136.51296807527567,'BCS','CITI','admin',0);
Insert into SETTLEMENT.TRADELIST (TRADEID,TICKERSYMBOL,QUANTITY,PRICE,BUYER,SELLER,ADMINUSERNAME,ISSETTLED) values ('30','GOOG',7158,1113.136500055348,'DB','JPM','admin',0);
Insert into SETTLEMENT.TRADELIST (TRADEID,TICKERSYMBOL,QUANTITY,PRICE,BUYER,SELLER,ADMINUSERNAME,ISSETTLED) values ('31','AAPL',9902,222.54804387345473,'JPM','DB','admin',0);
Insert into SETTLEMENT.TRADELIST (TRADEID,TICKERSYMBOL,QUANTITY,PRICE,BUYER,SELLER,ADMINUSERNAME,ISSETTLED) values ('32','GOOG',1966,1082.2328215717719,'CITI','GS','admin',0);
Insert into SETTLEMENT.TRADELIST (TRADEID,TICKERSYMBOL,QUANTITY,PRICE,BUYER,SELLER,ADMINUSERNAME,ISSETTLED) values ('33','AMZN',8483,1632.737028327798,'BCS','GS','admin',0);
Insert into SETTLEMENT.TRADELIST (TRADEID,TICKERSYMBOL,QUANTITY,PRICE,BUYER,SELLER,ADMINUSERNAME,ISSETTLED) values ('34','MSFT',9809,128.49808125401373,'JPM','GS','admin',0);
Insert into SETTLEMENT.TRADELIST (TRADEID,TICKERSYMBOL,QUANTITY,PRICE,BUYER,SELLER,ADMINUSERNAME,ISSETTLED) values ('35','MSFT',602,148.69624500329243,'BCS','JPM','admin',0);
Insert into SETTLEMENT.TRADELIST (TRADEID,TICKERSYMBOL,QUANTITY,PRICE,BUYER,SELLER,ADMINUSERNAME,ISSETTLED) values ('36','AMZN',5396,1779.1957484535092,'JPM','GS','admin',0);
Insert into SETTLEMENT.TRADELIST (TRADEID,TICKERSYMBOL,QUANTITY,PRICE,BUYER,SELLER,ADMINUSERNAME,ISSETTLED) values ('37','GOOG',8799,1148.8275792967877,'GS','CITI','admin',0);
Insert into SETTLEMENT.TRADELIST (TRADEID,TICKERSYMBOL,QUANTITY,PRICE,BUYER,SELLER,ADMINUSERNAME,ISSETTLED) values ('38','FB',5774,178.50272754775642,'BCS','JPM','admin',0);
Insert into SETTLEMENT.TRADELIST (TRADEID,TICKERSYMBOL,QUANTITY,PRICE,BUYER,SELLER,ADMINUSERNAME,ISSETTLED) values ('39','AAPL',211,228.0653917322167,'GS','BCS','admin',0);
Insert into SETTLEMENT.TRADELIST (TRADEID,TICKERSYMBOL,QUANTITY,PRICE,BUYER,SELLER,ADMINUSERNAME,ISSETTLED) values ('40','MSFT',1393,147.2903919792914,'JPM','BCS','admin',0);
Insert into SETTLEMENT.TRADELIST (TRADEID,TICKERSYMBOL,QUANTITY,PRICE,BUYER,SELLER,ADMINUSERNAME,ISSETTLED) values ('41','FB',9467,180.09130262837928,'BCS','GS','admin',0);
Insert into SETTLEMENT.TRADELIST (TRADEID,TICKERSYMBOL,QUANTITY,PRICE,BUYER,SELLER,ADMINUSERNAME,ISSETTLED) values ('42','MSFT',596,136.49755444575737,'GS','BCS','admin',0);
Insert into SETTLEMENT.TRADELIST (TRADEID,TICKERSYMBOL,QUANTITY,PRICE,BUYER,SELLER,ADMINUSERNAME,ISSETTLED) values ('43','AAPL',112,226.16923782925574,'CITI','DB','admin',0);
Insert into SETTLEMENT.TRADELIST (TRADEID,TICKERSYMBOL,QUANTITY,PRICE,BUYER,SELLER,ADMINUSERNAME,ISSETTLED) values ('44','MSFT',1841,144.59556764323483,'CITI','JPM','admin',0);
Insert into SETTLEMENT.TRADELIST (TRADEID,TICKERSYMBOL,QUANTITY,PRICE,BUYER,SELLER,ADMINUSERNAME,ISSETTLED) values ('45','GOOG',838,1164.1808378125386,'CITI','BCS','admin',0);
Insert into SETTLEMENT.TRADELIST (TRADEID,TICKERSYMBOL,QUANTITY,PRICE,BUYER,SELLER,ADMINUSERNAME,ISSETTLED) values ('46','MSFT',9845,150.58357133868478,'JPM','BCS','admin',0);
Insert into SETTLEMENT.TRADELIST (TRADEID,TICKERSYMBOL,QUANTITY,PRICE,BUYER,SELLER,ADMINUSERNAME,ISSETTLED) values ('47','MSFT',4596,152.84078066300341,'JPM','DB','admin',0);
Insert into SETTLEMENT.TRADELIST (TRADEID,TICKERSYMBOL,QUANTITY,PRICE,BUYER,SELLER,ADMINUSERNAME,ISSETTLED) values ('48','GOOG',3466,1149.8196974917128,'GS','DB','admin',0);
Insert into SETTLEMENT.TRADELIST (TRADEID,TICKERSYMBOL,QUANTITY,PRICE,BUYER,SELLER,ADMINUSERNAME,ISSETTLED) values ('49','GOOG',7058,1250.3872259161062,'JPM','GS','admin',0);
Insert into SETTLEMENT.TRADELIST (TRADEID,TICKERSYMBOL,QUANTITY,PRICE,BUYER,SELLER,ADMINUSERNAME,ISSETTLED) values ('50','GOOG',563,1216.9022752084575,'JPM','DB','admin',0);
Insert into SETTLEMENT.TRADELIST (TRADEID,TICKERSYMBOL,QUANTITY,PRICE,BUYER,SELLER,ADMINUSERNAME,ISSETTLED) values ('1','AAPL',4495,191.77799160457525,'BCS','JPM','admin',0);
Insert into SETTLEMENT.TRADELIST (TRADEID,TICKERSYMBOL,QUANTITY,PRICE,BUYER,SELLER,ADMINUSERNAME,ISSETTLED) values ('2','MSFT',8564,140.74833768344155,'JPM','GS','admin',0);
REM INSERTING into SETTLEMENT.TRADERCASHDETAILS
SET DEFINE OFF;
Insert into SETTLEMENT.TRADERCASHDETAILS (TRADERID,TRADERNAME,FUNDSAVAILABLE) values ('GS','Goldman Sachs',5500000);
Insert into SETTLEMENT.TRADERCASHDETAILS (TRADERID,TRADERNAME,FUNDSAVAILABLE) values ('JPM','JP Morgan Chase',5322113);
Insert into SETTLEMENT.TRADERCASHDETAILS (TRADERID,TRADERNAME,FUNDSAVAILABLE) values ('BCS','Barclays',4321232);
Insert into SETTLEMENT.TRADERCASHDETAILS (TRADERID,TRADERNAME,FUNDSAVAILABLE) values ('DB','Deutsche Bank',982122);
Insert into SETTLEMENT.TRADERCASHDETAILS (TRADERID,TRADERNAME,FUNDSAVAILABLE) values ('CITI','Citigroup',1234232);
REM INSERTING into SETTLEMENT.TRADEREQUITYDETAILS
SET DEFINE OFF;
Insert into SETTLEMENT.TRADEREQUITYDETAILS (TRADERID,TICKERSYMBOL,QUANTITY) values ('GS','FB',40000);
Insert into SETTLEMENT.TRADEREQUITYDETAILS (TRADERID,TICKERSYMBOL,QUANTITY) values ('BCS','MSFT',33);
Insert into SETTLEMENT.TRADEREQUITYDETAILS (TRADERID,TICKERSYMBOL,QUANTITY) values ('BCS','AAPL',32425);
Insert into SETTLEMENT.TRADEREQUITYDETAILS (TRADERID,TICKERSYMBOL,QUANTITY) values ('BCS','GOOG',2343262);
Insert into SETTLEMENT.TRADEREQUITYDETAILS (TRADERID,TICKERSYMBOL,QUANTITY) values ('BCS','AMZN',12224);
Insert into SETTLEMENT.TRADEREQUITYDETAILS (TRADERID,TICKERSYMBOL,QUANTITY) values ('DB','FB',5000);
Insert into SETTLEMENT.TRADEREQUITYDETAILS (TRADERID,TICKERSYMBOL,QUANTITY) values ('DB','MSFT',300);
Insert into SETTLEMENT.TRADEREQUITYDETAILS (TRADERID,TICKERSYMBOL,QUANTITY) values ('GS','MSFT',13242);
Insert into SETTLEMENT.TRADEREQUITYDETAILS (TRADERID,TICKERSYMBOL,QUANTITY) values ('DB','AAPL',132213);
Insert into SETTLEMENT.TRADEREQUITYDETAILS (TRADERID,TICKERSYMBOL,QUANTITY) values ('DB','GOOG',5343);
Insert into SETTLEMENT.TRADEREQUITYDETAILS (TRADERID,TICKERSYMBOL,QUANTITY) values ('DB','AMZN',234241);
Insert into SETTLEMENT.TRADEREQUITYDETAILS (TRADERID,TICKERSYMBOL,QUANTITY) values ('CITI','FB',2452);
Insert into SETTLEMENT.TRADEREQUITYDETAILS (TRADERID,TICKERSYMBOL,QUANTITY) values ('CITI','MSFT',243321);
Insert into SETTLEMENT.TRADEREQUITYDETAILS (TRADERID,TICKERSYMBOL,QUANTITY) values ('CITI','AAPL',2432);
Insert into SETTLEMENT.TRADEREQUITYDETAILS (TRADERID,TICKERSYMBOL,QUANTITY) values ('CITI','GOOG',454332);
Insert into SETTLEMENT.TRADEREQUITYDETAILS (TRADERID,TICKERSYMBOL,QUANTITY) values ('GS','AAPL',23556);
Insert into SETTLEMENT.TRADEREQUITYDETAILS (TRADERID,TICKERSYMBOL,QUANTITY) values ('GS','GOOG',57644);
Insert into SETTLEMENT.TRADEREQUITYDETAILS (TRADERID,TICKERSYMBOL,QUANTITY) values ('GS','AMZN',3532);
Insert into SETTLEMENT.TRADEREQUITYDETAILS (TRADERID,TICKERSYMBOL,QUANTITY) values ('JPM','FB',35634);
Insert into SETTLEMENT.TRADEREQUITYDETAILS (TRADERID,TICKERSYMBOL,QUANTITY) values ('JPM','MSFT',3454362);
Insert into SETTLEMENT.TRADEREQUITYDETAILS (TRADERID,TICKERSYMBOL,QUANTITY) values ('JPM','AAPL',574534);
Insert into SETTLEMENT.TRADEREQUITYDETAILS (TRADERID,TICKERSYMBOL,QUANTITY) values ('JPM','GOOG',245221);
Insert into SETTLEMENT.TRADEREQUITYDETAILS (TRADERID,TICKERSYMBOL,QUANTITY) values ('JPM','AMZN',464353);
Insert into SETTLEMENT.TRADEREQUITYDETAILS (TRADERID,TICKERSYMBOL,QUANTITY) values ('BCS','FB',242623);
Insert into SETTLEMENT.TRADEREQUITYDETAILS (TRADERID,TICKERSYMBOL,QUANTITY) values ('CITI','AMZN',45241);
REM INSERTING into SETTLEMENT.TRADERLOGIN
SET DEFINE OFF;
Insert into SETTLEMENT.TRADERLOGIN (TRADERID,TRADERPASSWORD) values ('GS','goldman123');
Insert into SETTLEMENT.TRADERLOGIN (TRADERID,TRADERPASSWORD) values ('JPM','jpmorgan123');
Insert into SETTLEMENT.TRADERLOGIN (TRADERID,TRADERPASSWORD) values ('BCS','barclay123');
Insert into SETTLEMENT.TRADERLOGIN (TRADERID,TRADERPASSWORD) values ('DB','dhuss123');
Insert into SETTLEMENT.TRADERLOGIN (TRADERID,TRADERPASSWORD) values ('CITI','citi123');
--------------------------------------------------------
--  DDL for Index ADMINLOGIN_PK
--------------------------------------------------------

  CREATE UNIQUE INDEX "SETTLEMENT"."ADMINLOGIN_PK" ON "SETTLEMENT"."ADMINLOGIN" ("ADMINUSERNAME") 
  PCTFREE 10 INITRANS 2 MAXTRANS 255 COMPUTE STATISTICS 
  STORAGE(INITIAL 65536 NEXT 1048576 MINEXTENTS 1 MAXEXTENTS 2147483645
  PCTINCREASE 0 FREELISTS 1 FREELIST GROUPS 1 BUFFER_POOL DEFAULT FLASH_CACHE DEFAULT CELL_FLASH_CACHE DEFAULT)
  TABLESPACE "SYSTEM" ;
--------------------------------------------------------
--  DDL for Index CORPORATEACTIONBONUS_PK
--------------------------------------------------------

  CREATE UNIQUE INDEX "SETTLEMENT"."CORPORATEACTIONBONUS_PK" ON "SETTLEMENT"."CORPORATEACTIONBONUS" ("TICKERSYMBOL") 
  PCTFREE 10 INITRANS 2 MAXTRANS 255 COMPUTE STATISTICS 
  STORAGE(INITIAL 65536 NEXT 1048576 MINEXTENTS 1 MAXEXTENTS 2147483645
  PCTINCREASE 0 FREELISTS 1 FREELIST GROUPS 1 BUFFER_POOL DEFAULT FLASH_CACHE DEFAULT CELL_FLASH_CACHE DEFAULT)
  TABLESPACE "SYSTEM" ;
--------------------------------------------------------
--  DDL for Index CORPORATEACTIONDIVIDEND_PK
--------------------------------------------------------

  CREATE UNIQUE INDEX "SETTLEMENT"."CORPORATEACTIONDIVIDEND_PK" ON "SETTLEMENT"."CORPORATEACTIONDIVIDEND" ("TICKERSYMBOL") 
  PCTFREE 10 INITRANS 2 MAXTRANS 255 COMPUTE STATISTICS 
  STORAGE(INITIAL 65536 NEXT 1048576 MINEXTENTS 1 MAXEXTENTS 2147483645
  PCTINCREASE 0 FREELISTS 1 FREELIST GROUPS 1 BUFFER_POOL DEFAULT FLASH_CACHE DEFAULT CELL_FLASH_CACHE DEFAULT)
  TABLESPACE "SYSTEM" ;
--------------------------------------------------------
--  DDL for Index EQUITYBORROWINGRATE_PK
--------------------------------------------------------

  CREATE UNIQUE INDEX "SETTLEMENT"."EQUITYBORROWINGRATE_PK" ON "SETTLEMENT"."EQUITYBORROWINGRATE" ("TICKERSYMBOL") 
  PCTFREE 10 INITRANS 2 MAXTRANS 255 COMPUTE STATISTICS 
  STORAGE(INITIAL 65536 NEXT 1048576 MINEXTENTS 1 MAXEXTENTS 2147483645
  PCTINCREASE 0 FREELISTS 1 FREELIST GROUPS 1 BUFFER_POOL DEFAULT FLASH_CACHE DEFAULT CELL_FLASH_CACHE DEFAULT)
  TABLESPACE "SYSTEM" ;
--------------------------------------------------------
--  DDL for Index EQUITYDETAILS_PK
--------------------------------------------------------

  CREATE UNIQUE INDEX "SETTLEMENT"."EQUITYDETAILS_PK" ON "SETTLEMENT"."EQUITYDETAILS" ("TICKERSYMBOL") 
  PCTFREE 10 INITRANS 2 MAXTRANS 255 COMPUTE STATISTICS 
  STORAGE(INITIAL 65536 NEXT 1048576 MINEXTENTS 1 MAXEXTENTS 2147483645
  PCTINCREASE 0 FREELISTS 1 FREELIST GROUPS 1 BUFFER_POOL DEFAULT FLASH_CACHE DEFAULT CELL_FLASH_CACHE DEFAULT)
  TABLESPACE "SYSTEM" ;
--------------------------------------------------------
--  DDL for Index FUNDBORROWINGRATE_PK
--------------------------------------------------------

  CREATE UNIQUE INDEX "SETTLEMENT"."FUNDBORROWINGRATE_PK" ON "SETTLEMENT"."FUNDBORROWINGRATE" ("CURRENCY") 
  PCTFREE 10 INITRANS 2 MAXTRANS 255 COMPUTE STATISTICS 
  STORAGE(INITIAL 65536 NEXT 1048576 MINEXTENTS 1 MAXEXTENTS 2147483645
  PCTINCREASE 0 FREELISTS 1 FREELIST GROUPS 1 BUFFER_POOL DEFAULT FLASH_CACHE DEFAULT CELL_FLASH_CACHE DEFAULT)
  TABLESPACE "SYSTEM" ;
--------------------------------------------------------
--  DDL for Index REPORT_PK
--------------------------------------------------------

  CREATE UNIQUE INDEX "SETTLEMENT"."REPORT_PK" ON "SETTLEMENT"."REPORT" ("TRADERID") 
  PCTFREE 10 INITRANS 2 MAXTRANS 255 
  STORAGE(INITIAL 65536 NEXT 1048576 MINEXTENTS 1 MAXEXTENTS 2147483645
  PCTINCREASE 0 FREELISTS 1 FREELIST GROUPS 1 BUFFER_POOL DEFAULT FLASH_CACHE DEFAULT CELL_FLASH_CACHE DEFAULT)
  TABLESPACE "SYSTEM" ;
--------------------------------------------------------
--  DDL for Index TRADERCASHDETAILS_PK
--------------------------------------------------------

  CREATE UNIQUE INDEX "SETTLEMENT"."TRADERCASHDETAILS_PK" ON "SETTLEMENT"."TRADERCASHDETAILS" ("TRADERID") 
  PCTFREE 10 INITRANS 2 MAXTRANS 255 COMPUTE STATISTICS 
  STORAGE(INITIAL 65536 NEXT 1048576 MINEXTENTS 1 MAXEXTENTS 2147483645
  PCTINCREASE 0 FREELISTS 1 FREELIST GROUPS 1 BUFFER_POOL DEFAULT FLASH_CACHE DEFAULT CELL_FLASH_CACHE DEFAULT)
  TABLESPACE "SYSTEM" ;
--------------------------------------------------------
--  DDL for Index TRADEREQUITYDETAILS_PK
--------------------------------------------------------

  CREATE UNIQUE INDEX "SETTLEMENT"."TRADEREQUITYDETAILS_PK" ON "SETTLEMENT"."TRADEREQUITYDETAILS" ("TRADERID", "TICKERSYMBOL") 
  PCTFREE 10 INITRANS 2 MAXTRANS 255 COMPUTE STATISTICS 
  STORAGE(INITIAL 65536 NEXT 1048576 MINEXTENTS 1 MAXEXTENTS 2147483645
  PCTINCREASE 0 FREELISTS 1 FREELIST GROUPS 1 BUFFER_POOL DEFAULT FLASH_CACHE DEFAULT CELL_FLASH_CACHE DEFAULT)
  TABLESPACE "SYSTEM" ;
--------------------------------------------------------
--  DDL for Index TRADERLOGIN_PK
--------------------------------------------------------

  CREATE UNIQUE INDEX "SETTLEMENT"."TRADERLOGIN_PK" ON "SETTLEMENT"."TRADELIST" ("TRADEID") 
  PCTFREE 10 INITRANS 2 MAXTRANS 255 COMPUTE STATISTICS 
  STORAGE(INITIAL 65536 NEXT 1048576 MINEXTENTS 1 MAXEXTENTS 2147483645
  PCTINCREASE 0 FREELISTS 1 FREELIST GROUPS 1 BUFFER_POOL DEFAULT FLASH_CACHE DEFAULT CELL_FLASH_CACHE DEFAULT)
  TABLESPACE "SYSTEM" ;
--------------------------------------------------------
--  Constraints for Table ADMINLOGIN
--------------------------------------------------------

  ALTER TABLE "SETTLEMENT"."ADMINLOGIN" ADD CONSTRAINT "ADMINLOGIN_PK" PRIMARY KEY ("ADMINUSERNAME")
  USING INDEX PCTFREE 10 INITRANS 2 MAXTRANS 255 COMPUTE STATISTICS 
  STORAGE(INITIAL 65536 NEXT 1048576 MINEXTENTS 1 MAXEXTENTS 2147483645
  PCTINCREASE 0 FREELISTS 1 FREELIST GROUPS 1 BUFFER_POOL DEFAULT FLASH_CACHE DEFAULT CELL_FLASH_CACHE DEFAULT)
  TABLESPACE "SYSTEM"  ENABLE;
  ALTER TABLE "SETTLEMENT"."ADMINLOGIN" MODIFY ("ADMINPASSWORD" NOT NULL ENABLE);
  ALTER TABLE "SETTLEMENT"."ADMINLOGIN" MODIFY ("ADMINUSERNAME" NOT NULL ENABLE);
--------------------------------------------------------
--  Constraints for Table CORPORATEACTIONBONUS
--------------------------------------------------------

  ALTER TABLE "SETTLEMENT"."CORPORATEACTIONBONUS" ADD CONSTRAINT "CORPORATEACTIONBONUS_PK" PRIMARY KEY ("TICKERSYMBOL")
  USING INDEX PCTFREE 10 INITRANS 2 MAXTRANS 255 COMPUTE STATISTICS 
  STORAGE(INITIAL 65536 NEXT 1048576 MINEXTENTS 1 MAXEXTENTS 2147483645
  PCTINCREASE 0 FREELISTS 1 FREELIST GROUPS 1 BUFFER_POOL DEFAULT FLASH_CACHE DEFAULT CELL_FLASH_CACHE DEFAULT)
  TABLESPACE "SYSTEM"  ENABLE;
  ALTER TABLE "SETTLEMENT"."CORPORATEACTIONBONUS" MODIFY ("TICKERSYMBOL" NOT NULL ENABLE);
--------------------------------------------------------
--  Constraints for Table CORPORATEACTIONDIVIDEND
--------------------------------------------------------

  ALTER TABLE "SETTLEMENT"."CORPORATEACTIONDIVIDEND" ADD CONSTRAINT "CORPORATEACTIONDIVIDEND_PK" PRIMARY KEY ("TICKERSYMBOL")
  USING INDEX PCTFREE 10 INITRANS 2 MAXTRANS 255 COMPUTE STATISTICS 
  STORAGE(INITIAL 65536 NEXT 1048576 MINEXTENTS 1 MAXEXTENTS 2147483645
  PCTINCREASE 0 FREELISTS 1 FREELIST GROUPS 1 BUFFER_POOL DEFAULT FLASH_CACHE DEFAULT CELL_FLASH_CACHE DEFAULT)
  TABLESPACE "SYSTEM"  ENABLE;
  ALTER TABLE "SETTLEMENT"."CORPORATEACTIONDIVIDEND" MODIFY ("TICKERSYMBOL" NOT NULL ENABLE);
--------------------------------------------------------
--  Constraints for Table EQUITYBORROWINGRATE
--------------------------------------------------------

  ALTER TABLE "SETTLEMENT"."EQUITYBORROWINGRATE" ADD CONSTRAINT "EQUITYBORROWINGRATE_PK" PRIMARY KEY ("TICKERSYMBOL")
  USING INDEX PCTFREE 10 INITRANS 2 MAXTRANS 255 COMPUTE STATISTICS 
  STORAGE(INITIAL 65536 NEXT 1048576 MINEXTENTS 1 MAXEXTENTS 2147483645
  PCTINCREASE 0 FREELISTS 1 FREELIST GROUPS 1 BUFFER_POOL DEFAULT FLASH_CACHE DEFAULT CELL_FLASH_CACHE DEFAULT)
  TABLESPACE "SYSTEM"  ENABLE;
  ALTER TABLE "SETTLEMENT"."EQUITYBORROWINGRATE" MODIFY ("TICKERSYMBOL" NOT NULL ENABLE);
--------------------------------------------------------
--  Constraints for Table EQUITYDETAILS
--------------------------------------------------------

  ALTER TABLE "SETTLEMENT"."EQUITYDETAILS" MODIFY ("FACEVALUE" NOT NULL ENABLE);
  ALTER TABLE "SETTLEMENT"."EQUITYDETAILS" ADD CONSTRAINT "EQUITYDETAILS_PK" PRIMARY KEY ("TICKERSYMBOL")
  USING INDEX PCTFREE 10 INITRANS 2 MAXTRANS 255 COMPUTE STATISTICS 
  STORAGE(INITIAL 65536 NEXT 1048576 MINEXTENTS 1 MAXEXTENTS 2147483645
  PCTINCREASE 0 FREELISTS 1 FREELIST GROUPS 1 BUFFER_POOL DEFAULT FLASH_CACHE DEFAULT CELL_FLASH_CACHE DEFAULT)
  TABLESPACE "SYSTEM"  ENABLE;
  ALTER TABLE "SETTLEMENT"."EQUITYDETAILS" MODIFY ("TICKERSYMBOL" NOT NULL ENABLE);
  ALTER TABLE "SETTLEMENT"."EQUITYDETAILS" MODIFY ("COMPANYNAME" NOT NULL ENABLE);
--------------------------------------------------------
--  Constraints for Table FUNDBORROWINGRATE
--------------------------------------------------------

  ALTER TABLE "SETTLEMENT"."FUNDBORROWINGRATE" ADD CONSTRAINT "FUNDBORROWINGRATE_PK" PRIMARY KEY ("CURRENCY")
  USING INDEX PCTFREE 10 INITRANS 2 MAXTRANS 255 COMPUTE STATISTICS 
  STORAGE(INITIAL 65536 NEXT 1048576 MINEXTENTS 1 MAXEXTENTS 2147483645
  PCTINCREASE 0 FREELISTS 1 FREELIST GROUPS 1 BUFFER_POOL DEFAULT FLASH_CACHE DEFAULT CELL_FLASH_CACHE DEFAULT)
  TABLESPACE "SYSTEM"  ENABLE;
  ALTER TABLE "SETTLEMENT"."FUNDBORROWINGRATE" MODIFY ("CURRENCY" NOT NULL ENABLE);
--------------------------------------------------------
--  Constraints for Table FUNDREPORT
--------------------------------------------------------

  ALTER TABLE "SETTLEMENT"."FUNDREPORT" MODIFY ("TRADERID" NOT NULL ENABLE);
--------------------------------------------------------
--  Constraints for Table REPORT
--------------------------------------------------------

  ALTER TABLE "SETTLEMENT"."REPORT" ADD CONSTRAINT "REPORT_PK" PRIMARY KEY ("TRADERID")
  USING INDEX PCTFREE 10 INITRANS 2 MAXTRANS 255 
  STORAGE(INITIAL 65536 NEXT 1048576 MINEXTENTS 1 MAXEXTENTS 2147483645
  PCTINCREASE 0 FREELISTS 1 FREELIST GROUPS 1 BUFFER_POOL DEFAULT FLASH_CACHE DEFAULT CELL_FLASH_CACHE DEFAULT)
  TABLESPACE "SYSTEM"  ENABLE;
  ALTER TABLE "SETTLEMENT"."REPORT" MODIFY ("TRADERID" NOT NULL ENABLE);
--------------------------------------------------------
--  Constraints for Table TRADELIST
--------------------------------------------------------

  ALTER TABLE "SETTLEMENT"."TRADELIST" ADD CONSTRAINT "TRADERLOGIN_PK" PRIMARY KEY ("TRADEID")
  USING INDEX PCTFREE 10 INITRANS 2 MAXTRANS 255 COMPUTE STATISTICS 
  STORAGE(INITIAL 65536 NEXT 1048576 MINEXTENTS 1 MAXEXTENTS 2147483645
  PCTINCREASE 0 FREELISTS 1 FREELIST GROUPS 1 BUFFER_POOL DEFAULT FLASH_CACHE DEFAULT CELL_FLASH_CACHE DEFAULT)
  TABLESPACE "SYSTEM"  ENABLE;
  ALTER TABLE "SETTLEMENT"."TRADELIST" MODIFY ("ADMINUSERNAME" NOT NULL ENABLE);
  ALTER TABLE "SETTLEMENT"."TRADELIST" MODIFY ("SELLER" NOT NULL ENABLE);
  ALTER TABLE "SETTLEMENT"."TRADELIST" MODIFY ("BUYER" NOT NULL ENABLE);
  ALTER TABLE "SETTLEMENT"."TRADELIST" MODIFY ("PRICE" NOT NULL ENABLE);
  ALTER TABLE "SETTLEMENT"."TRADELIST" MODIFY ("QUANTITY" NOT NULL ENABLE);
  ALTER TABLE "SETTLEMENT"."TRADELIST" MODIFY ("TICKERSYMBOL" NOT NULL ENABLE);
  ALTER TABLE "SETTLEMENT"."TRADELIST" MODIFY ("TRADEID" NOT NULL ENABLE);
--------------------------------------------------------
--  Constraints for Table TRADERCASHDETAILS
--------------------------------------------------------

  ALTER TABLE "SETTLEMENT"."TRADERCASHDETAILS" ADD CONSTRAINT "TRADERCASHDETAILS_PK" PRIMARY KEY ("TRADERID")
  USING INDEX PCTFREE 10 INITRANS 2 MAXTRANS 255 COMPUTE STATISTICS 
  STORAGE(INITIAL 65536 NEXT 1048576 MINEXTENTS 1 MAXEXTENTS 2147483645
  PCTINCREASE 0 FREELISTS 1 FREELIST GROUPS 1 BUFFER_POOL DEFAULT FLASH_CACHE DEFAULT CELL_FLASH_CACHE DEFAULT)
  TABLESPACE "SYSTEM"  ENABLE;
  ALTER TABLE "SETTLEMENT"."TRADERCASHDETAILS" MODIFY ("TRADERID" NOT NULL ENABLE);
  ALTER TABLE "SETTLEMENT"."TRADERCASHDETAILS" MODIFY ("FUNDSAVAILABLE" NOT NULL ENABLE);
  ALTER TABLE "SETTLEMENT"."TRADERCASHDETAILS" MODIFY ("TRADERNAME" NOT NULL ENABLE);
--------------------------------------------------------
--  Constraints for Table TRADEREQUITYDETAILS
--------------------------------------------------------

  ALTER TABLE "SETTLEMENT"."TRADEREQUITYDETAILS" MODIFY ("QUANTITY" NOT NULL ENABLE);
  ALTER TABLE "SETTLEMENT"."TRADEREQUITYDETAILS" MODIFY ("TICKERSYMBOL" NOT NULL ENABLE);
  ALTER TABLE "SETTLEMENT"."TRADEREQUITYDETAILS" MODIFY ("TRADERID" NOT NULL ENABLE);
  ALTER TABLE "SETTLEMENT"."TRADEREQUITYDETAILS" ADD CONSTRAINT "TRADEREQUITYDETAILS_PK" PRIMARY KEY ("TRADERID", "TICKERSYMBOL")
  USING INDEX PCTFREE 10 INITRANS 2 MAXTRANS 255 COMPUTE STATISTICS 
  STORAGE(INITIAL 65536 NEXT 1048576 MINEXTENTS 1 MAXEXTENTS 2147483645
  PCTINCREASE 0 FREELISTS 1 FREELIST GROUPS 1 BUFFER_POOL DEFAULT FLASH_CACHE DEFAULT CELL_FLASH_CACHE DEFAULT)
  TABLESPACE "SYSTEM"  ENABLE;
--------------------------------------------------------
--  Constraints for Table TRADERLOGIN
--------------------------------------------------------

  ALTER TABLE "SETTLEMENT"."TRADERLOGIN" MODIFY ("TRADERPASSWORD" NOT NULL ENABLE);
  ALTER TABLE "SETTLEMENT"."TRADERLOGIN" MODIFY ("TRADERID" NOT NULL ENABLE);
